{"cameraMode":{"drawMode":0,"name":"Shaded","section":"Shading Mode"},"sceneLighting":false,"audioPlay":false,"sceneViewState":{"m_AlwaysRefresh":false,"showFog":true,"showSkybox":false,"showFlares":true,"showImageEffects":true,"showParticleSystems":true,"showVisualEffectGraphs":true,"m_FxEnabled":true},"in2DMode":false,"pivot":{"x":0.0020799636840820314,"y":0.42133742570877077,"z":-0.02777232602238655},"rotation":{"x":0.07006895542144776,"y":0.9282364249229431,"z":-0.2274581342935562,"w":0.2859179973602295},"size":0.713792085647583,"orthographic":false}