{"cameraMode":{"drawMode":0,"name":"Shaded","section":"Shading Mode"},"sceneLighting":false,"audioPlay":false,"sceneViewState":{"m_AlwaysRefresh":false,"showFog":true,"showSkybox":false,"showFlares":true,"showImageEffects":true,"showParticleSystems":true,"showVisualEffectGraphs":true,"m_FxEnabled":true},"in2DMode":false,"pivot":{"x":1.5982633829116822,"y":0.8084756135940552,"z":-0.4476550221443176},"rotation":{"x":-0.004283191170543432,"y":0.9949960708618164,"z":-0.08709495514631272,"w":-0.04899195581674576},"size":0.6758406162261963,"orthographic":false}