{"cameraMode":{"drawMode":0,"name":"Shaded","section":"Shading Mode"},"sceneLighting":false,"audioPlay":false,"sceneViewState":{"m_AlwaysRefresh":false,"showFog":true,"showSkybox":false,"showFlares":true,"showImageEffects":true,"showParticleSystems":true,"showVisualEffectGraphs":true,"m_FxEnabled":true},"in2DMode":false,"pivot":{"x":0.080413818359375,"y":0.009965196251869202,"z":-0.22925302386283875},"rotation":{"x":-0.09007857739925385,"y":0.8339243531227112,"z":-0.14298872649669648,"w":-0.5253864526748657},"size":0.36740851402282717,"orthographic":false}