{"cameraMode":{"drawMode":0,"name":"Shaded","section":"Shading Mode"},"sceneLighting":true,"audioPlay":false,"sceneViewState":{"m_AlwaysRefresh":false,"showFog":true,"showSkybox":true,"showFlares":true,"showImageEffects":true,"showParticleSystems":true,"showVisualEffectGraphs":true,"m_FxEnabled":true},"in2DMode":false,"pivot":{"x":-3.5374114513397219,"y":3.594944477081299,"z":-1.3402291536331177},"rotation":{"x":-0.22098110616207124,"y":0.14334791898727418,"z":-0.03285536170005798,"w":-0.9641340374946594},"size":2.290602684020996,"orthographic":false}